{"name":"d4612f3c-6ce6-4d1e-882a-7f2fe997c1cf","id":"/providers/Microsoft.Flow/flows/d4612f3c-6ce6-4d1e-882a-7f2fe997c1cf","type":"Microsoft.Flow/flows","properties":{"apiId":"/providers/Microsoft.PowerApps/apis/shared_logicflows","displayName":"MDE-RansomwareRecovery-Playbook","definition":{"metadata":{"workflowEntityId":null,"processAdvisorMetadata":null,"flowclientsuspensionreason":"None","flowclientsuspensiontime":null,"flowclientsuspensionreasondetails":null,"creator":{"id":"f0dce57e-7b9b-4959-a38b-0514648e9db4","type":"User","tenantId":"2882d21c-a196-4941-8b40-742d7e8726c5"},"provisioningMethod":"FromDefinition","failureAlertSubscription":true,"clientLastModifiedTime":"2023-01-18T12:31:34.9719312Z"},"$schema":"https://schema.management.azure.com/providers/Microsoft.Logic/schemas/2016-06-01/workflowdefinition.json#","contentVersion":"1.0.0.0","parameters":{"$connections":{"defaultValue":{},"type":"Object"},"$authentication":{"defaultValue":{},"type":"SecureObject"}},"triggers":{"Triggers_-_Trigger_when_new_MDE_alert_occurs":{"metadata":{"operationMetadataId":"14c31c3f-8a86-4796-aa59-ad08305943d2"},"type":"OpenApiConnectionWebhook","inputs":{"host":{"apiId":"/providers/Microsoft.PowerApps/apis/shared_wdatp","connectionName":"shared_wdatp","operationId":"WebHooks_CreateWebHook"},"parameters":{},"authentication":"@parameters('$authentication')"}}},"actions":{"Alerts_-_Get_Ransomware_alert_details":{"runAfter":{},"metadata":{"operationMetadataId":"d53383fe-4795-42d2-9f73-74e9d2ccdf15"},"type":"OpenApiConnection","inputs":{"host":{"apiId":"/providers/Microsoft.PowerApps/apis/shared_wdatp","connectionName":"shared_wdatp","operationId":"GetSingleAlert"},"parameters":{"Alert ID":"@triggerOutputs()?['body/id']"},"authentication":"@parameters('$authentication')"}},"Condition_-_Validate_Ransomware_alert_and_Severity":{"actions":{"Parse_JSON_-_Get_Impacted_Files":{"runAfter":{},"metadata":{"operationMetadataId":"e9c44152-2961-4bc0-817d-6e3caf9e7e7a"},"type":"ParseJson","inputs":{"content":"@triggerOutputs()?['body']","schema":{"type":"object","properties":{"statusCode":{"type":"integer"},"headers":{"type":"object","properties":{"Transfer-Encoding":{"type":"string"},"Vary":{"type":"string"},"OData-Version":{"type":"string"},"Strict-Transport-Security":{"type":"string"},"Timing-Allow-Origin":{"type":"string"},"x-ms-apihub-cached-response":{"type":"string"},"x-ms-apihub-obo":{"type":"string"},"Date":{"type":"string"},"Content-Type":{"type":"string"},"Content-Length":{"type":"string"}}},"body":{"type":"object","properties":{"@@odata.context":{"type":"string"},"id":{"type":"string"},"incidentId":{"type":"integer"},"severity":{"type":"string"},"status":{"type":"string"},"investigationState":{"type":"string"},"detectionSource":{"type":"string"},"detectorId":{"type":"string"},"category":{"type":"string"},"title":{"type":"string"},"description":{"type":"string"},"alertCreationTime":{"type":"string"},"firstEventTime":{"type":"string"},"lastEventTime":{"type":"string"},"lastUpdateTime":{"type":"string"},"machineId":{"type":"string"},"computerDnsName":{"type":"string"},"rbacGroupName":{"type":"string"},"aadTenantId":{"type":"string"},"mitreTechniques":{"type":"array"},"relatedUser":{"type":"object","properties":{"userName":{"type":"string"},"domainName":{}}},"loggedOnUsers":{"type":"array","items":{"type":"object","properties":{"accountName":{"type":"string"},"domainName":{"type":"string"}},"required":["accountName","domainName"]}},"comments":{"type":"array"},"evidence":{"type":"array","items":{"type":"object","properties":{"entityType":{"type":"string"},"evidenceCreationTime":{"type":"string"},"sha1":{},"sha256":{},"fileName":{},"filePath":{},"processId":{},"processCommandLine":{},"processCreationTime":{},"parentProcessId":{},"parentProcessCreationTime":{},"parentProcessFileName":{},"parentProcessFilePath":{},"ipAddress":{},"url":{},"registryKey":{},"registryHive":{},"registryValueType":{},"registryValue":{},"registryValueName":{},"accountName":{"type":"string"},"domainName":{},"userSid":{"type":"string"},"aadUserId":{"type":"string"},"userPrincipalName":{"type":"string"},"detectionStatus":{}},"required":["entityType","evidenceCreationTime","sha1","sha256","fileName","filePath","processId","processCommandLine","processCreationTime","parentProcessId","parentProcessCreationTime","parentProcessFileName","parentProcessFilePath","ipAddress","url","registryKey","registryHive","registryValueType","registryValue","registryValueName","accountName","domainName","userSid","aadUserId","userPrincipalName","detectionStatus"]}},"domains":{"type":"array"}}}}}}},"Send_email_with_options":{"runAfter":{"Parse_JSON_-_Get_Impacted_Files":["Succeeded"]},"metadata":{"operationMetadataId":"47f56e50-8b99-447a-9d24-236175e850fb"},"type":"OpenApiConnectionWebhook","inputs":{"host":{"apiId":"/providers/Microsoft.PowerApps/apis/shared_office365","connectionName":"shared_office365","operationId":"SendMailWithOptions"},"parameters":{"optionsEmailSubscription/Message/To":"SOC@contoso.com","optionsEmailSubscription/Message/Subject":"Test MDERansOneDriveRecovery : Please approve or reject to recover the encrypt files","optionsEmailSubscription/Message/Options":"Approve, Reject","optionsEmailSubscription/Message/HeaderText":"Test MDERansOneDriveRecovery : Please approve or reject to recover the encrypt files","optionsEmailSubscription/Message/Body":"Test MDERansOneDriveRecovery : Please approve or reject to recover the encrypt files","optionsEmailSubscription/Message/Importance":"High","optionsEmailSubscription/Message/HideHTMLMessage":false,"optionsEmailSubscription/Message/ShowHTMLConfirmationDialog":false},"authentication":"@parameters('$authentication')"}},"Condition_-_Check_if_SOC_Approved_Ransom_Recovery":{"actions":{"Apply_to_each":{"foreach":"@array(string(body('Parse_JSON_-_Get_Impacted_Files')?['body']?['evidence']))","actions":{"Condition":{"actions":{"HTTP_-_Get_OneDrive_API_Access_Token":{"runAfter":{"Set_variable_-_TenantID":["Succeeded"]},"metadata":{"operationMetadataId":"ab43bc17-a00d-4864-a571-4f7da046ca73"},"type":"Http","inputs":{"method":"POST","uri":"https://login.microsoftonline.com/@{variables('TenantID')}/oauth2/v2.0/token","headers":{"Content-Type":"application/x-www-form-urlencoded"},"body":"grant_type=client_credentials&client_id=XXXX-XXXX-XXX-XXXX-XXXX&client_secret=XXXXXXXXXXXXXXX~&scope=https://graph.microsoft.com/.default"}},"Set_variable_-_OneDrive_API_Access_Token":{"runAfter":{"Parse_JSON_-_Access_Token":["Succeeded"]},"metadata":{"operationMetadataId":"f3a759a4-0ede-4118-8957-6ef4e74180b1"},"type":"SetVariable","inputs":{"name":"OneDriveToken","value":"@body('Parse_JSON_-_Access_Token')?['body']?['access_token']"}},"HTTP_-_Restore_Encrypted_Files_via_OneDrive_API":{"runAfter":{"Set_variable_-_ItemID":["Succeeded"]},"metadata":{"operationMetadataId":"84bd0cd6-d459-458d-8f1e-bb6e737cae56"},"type":"Http","inputs":{"method":"POST","uri":"https://graph.microsoft.com/v1.0/sites/@{variables('SiteID')}/drive/items/@{variables('OneDriveItemID')}/restore","headers":{"Content-Type":"application/json","Authorization":"Bearer @{variables('OneDriveToken')}"}}},"Set_variable_-_Test_Check_FileID":{"runAfter":{},"metadata":{"operationMetadataId":"61f50098-8f14-4017-888b-7b356530cdf5"},"type":"SetVariable","inputs":{"name":"TestFileID","value":"@{items('Apply_to_each')} "}},"Get_file_content":{"runAfter":{"Set_variable_-_Test_Check_FileID":["Succeeded"]},"metadata":{"operationMetadataId":"a31b04d1-19f9-40f7-bc59-40fd2ffc316b","b!wdOsicehN0m4221HmvNHldRUwZwJuqFOq__UALkGetpBwxQI96t8TKhv3epqzuSO.01KZWC7YH5DLALU7FJCZFZZONFSKNKJSE3":"/Desktop/Ransomware-ScriptMDEOneDrive/test_file.txt"},"type":"OpenApiConnection","inputs":{"host":{"apiId":"/providers/Microsoft.PowerApps/apis/shared_onedriveforbusiness","connectionName":"shared_onedriveforbusiness","operationId":"GetFileContent"},"parameters":{"id":"b!wdOsicehN0m4221HmvNHldRUwZwJuqFOq__UALkGetpBwxQI96t8TKhv3epqzuSO.01KZWC7YH5DLALU7FJCZFZZONFSKNKJSE3","inferContentType":true},"authentication":"@parameters('$authentication')"}},"Parse_JSON_-_Access_Token":{"runAfter":{"HTTP_-_Get_OneDrive_API_Access_Token":["Succeeded"]},"metadata":{"operationMetadataId":"5869749c-7f98-401f-87aa-8432709626ee"},"type":"ParseJson","inputs":{"content":"@body('HTTP_-_Get_OneDrive_API_Access_Token')","schema":{"type":"object","properties":{"statusCode":{"type":"integer"},"headers":{"type":"object","properties":{"Pragma":{"type":"string"},"Strict-Transport-Security":{"type":"string"},"X-Content-Type-Options":{"type":"string"},"x-ms-request-id":{"type":"string"},"x-ms-ests-server":{"type":"string"},"X-XSS-Protection":{"type":"string"},"Cache-Control":{"type":"string"},"P3P":{"type":"string"},"Set-Cookie":{"type":"string"},"Date":{"type":"string"},"Content-Length":{"type":"string"},"Content-Type":{"type":"string"},"Expires":{"type":"string"}}},"body":{"type":"object","properties":{"token_type":{"type":"string"},"expires_in":{"type":"integer"},"ext_expires_in":{"type":"integer"},"access_token":{"type":"string"}}}}}}},"Set_variable_-_TenantID":{"runAfter":{"Get_file_content":["Succeeded"]},"metadata":{"operationMetadataId":"b8700fb6-3c2f-47b9-831f-835251175983"},"type":"SetVariable","inputs":{"name":"TenantID","value":"XXXX-XXX-XXXX-XXX-XXXX"}},"Set_variable_-_OneDriveSiteID":{"runAfter":{"Set_variable_-_OneDrive_API_Access_Token":["Succeeded"]},"metadata":{"operationMetadataId":"0980c179-d332-46af-b694-35031bbb123c"},"type":"SetVariable","inputs":{"name":"SiteID","value":"XXXX-XXXXX-XXXX-XXXX-XXXX"}},"Set_variable_-_ItemID":{"runAfter":{"Set_variable_-_OneDriveSiteID":["Succeeded"]},"metadata":{"operationMetadataId":"6a129839-4c39-4831-a0d7-7548a510f0e7"},"type":"SetVariable","inputs":{"name":"OneDriveItemID","value":"XXXXXXXXXXXXXXXXXXXXXX"}},"Send_an_email_-_SOC_Notification":{"runAfter":{"HTTP_-_Restore_Encrypted_Files_via_OneDrive_API":["Succeeded"]},"metadata":{"operationMetadataId":"c9228123-9bfb-4b3a-8dd2-a58d13685728"},"type":"OpenApiConnection","inputs":{"host":{"apiId":"/providers/Microsoft.PowerApps/apis/shared_office365","connectionName":"shared_office365","operationId":"SendEmailV2"},"parameters":{"emailMessage/To":"SOC@contoso.com","emailMessage/Subject":"Ransomware Recovery Status Process","emailMessage/Body":"<p>Dear SOC,<br>\n<br>\nKindly be informed that the Ransomware REocvery process have been sucesffuly completed, please find below the evidence.</p>","emailMessage/Importance":"Normal"},"authentication":"@parameters('$authentication')"}}},"runAfter":{},"expression":{"or":[{"not":{"equals":["@items('Apply_to_each')","@null"]}},{"equals":["@empty(array(items('Apply_to_each')))","@false"]}]},"metadata":{"operationMetadataId":"91929acf-db9f-4d7f-90a8-13994f4efd70"},"type":"If"}},"runAfter":{},"metadata":{"operationMetadataId":"3a45bd88-f056-4d09-ab2d-54b21ca956b5"},"type":"Foreach"}},"runAfter":{"Send_email_with_options":["Succeeded"]},"else":{"actions":{"Terminate_2":{"runAfter":{},"metadata":{"operationMetadataId":"94aedbd9-a832-48d6-b0dd-3943c55a5ce3"},"type":"Terminate","inputs":{"runStatus":"Cancelled"}}}},"expression":{"equals":["@outputs('Send_email_with_options')?['body/SelectedOption']","Approve"]},"metadata":{"operationMetadataId":"082af1bb-d18a-4aa3-b8ac-4ad105c49ac1"},"type":"If"}},"runAfter":{"Initialize_variable_-OneDrive_ItemID":["Succeeded"]},"else":{"actions":{"Terminate":{"runAfter":{},"metadata":{"operationMetadataId":"c9748065-9c5b-418c-85c4-8ff6b4b3c2d2"},"type":"Terminate","inputs":{"runStatus":"Cancelled"}}}},"expression":{"and":[{"contains":["@outputs('Alerts_-_Get_Ransomware_alert_details')?['body/title']","Ransomware"]},{"equals":["@outputs('Alerts_-_Get_Ransomware_alert_details')?['body/severity']","High"]}]},"metadata":{"operationMetadataId":"96d386e4-fb29-4fb3-8072-7298f2e19ac0"},"type":"If"},"Initialize_variable_-_OneDrive_API_Access_Token":{"runAfter":{"Alerts_-_Get_Ransomware_alert_details":["Succeeded"]},"metadata":{"operationMetadataId":"322a97b9-99a0-4afd-9138-4e440f95dad5"},"type":"InitializeVariable","inputs":{"variables":[{"name":"OneDriveToken","type":"string"}]}},"Initialize_variable_-_FileID":{"runAfter":{"Initialize_variable_-_OneDrive_API_Access_Token":["Succeeded"]},"metadata":{"operationMetadataId":"30b96a36-bde6-40a0-9386-ad4b27432cff"},"type":"InitializeVariable","inputs":{"variables":[{"name":"TestFileID","type":"string"}]}},"Initialize_variable_-_TenantID":{"runAfter":{"Initialize_variable_-_FileID":["Succeeded"]},"metadata":{"operationMetadataId":"c1f46836-eb45-4438-93ac-811dc7c57371"},"type":"InitializeVariable","inputs":{"variables":[{"name":"TenantID","type":"string"}]}},"Initialize_variable_-_OnDrive_SiteID":{"runAfter":{"Initialize_variable_-_TenantID":["Succeeded"]},"metadata":{"operationMetadataId":"389a6064-20e8-4fdf-8f76-5b0fbbfa07dd"},"type":"InitializeVariable","inputs":{"variables":[{"name":"SiteID","type":"string"}]}},"Initialize_variable_-OneDrive_ItemID":{"runAfter":{"Initialize_variable_-_OnDrive_SiteID":["Succeeded"]},"metadata":{"operationMetadataId":"7d410960-2515-4af8-b4e1-bebfbb0c0871"},"type":"InitializeVariable","inputs":{"variables":[{"name":"OneDriveItemID","type":"string"}]}}}},"connectionReferences":{"shared_wdatp":{"connectionName":"shared-wdatp-f9e0c562-dd1c-4856-9c77-c2fdd97cc636","source":"Embedded","id":"/providers/Microsoft.PowerApps/apis/shared_wdatp","tier":"NotSpecified"},"shared_office365":{"connectionName":"shared-office365-2830d480-fdd3-49f1-afe4-55ff9b993d22","source":"Embedded","id":"/providers/Microsoft.PowerApps/apis/shared_office365","tier":"NotSpecified"},"shared_onedriveforbusiness":{"connectionName":"shared-onedriveforbu-cddad8f9-71fd-4e9b-a5d7-396a788dedf3","source":"Embedded","id":"/providers/Microsoft.PowerApps/apis/shared_onedriveforbusiness","tier":"NotSpecified"}},"flowFailureAlertSubscribed":false,"isManaged":false}}